<roblox xmlns:xmime="http://www.w3.org/2005/05/xmlmime" xmlns:xsi="http://www.w3.org/2001/XMLSchema-instance" xsi:noNamespaceSchemaLocation="http://www.roblox.com/roblox.xsd" version="4">
	<External>null</External>
	<External>nil</External>
	<utterance>Hello
		<utterance>Hi
			<utterance>Hi there!</utterance>
			<utterance>Hi everyone</utterance>
                        <utterance>Hello people of Shopium!</utterance>	
		</utterance>
		<utterance>Howdy
			<utterance>Howdy partner!</utterance>
		</utterance>
		<utterance>Greetings
			<utterance>Greetings eveyone</utterance>
			<utterance>Greetings!</utterance>
			<utterance>Seasons greetings!</utterance>
		</utterance>
		<utterance>Welcome
			<utterance>Welcome to my place</utterance>
			<utterance>Welcome to our base</utterance>
			<utterance>Welcome to my barbecque</utterance>
		</utterance>
		<utterance>Hey there!</utterance>
		<utterance>What's up?
			<utterance>How are you doing?</utterance>
			<utterance>How's it going?</utterance>
			<utterance>What's new?</utterance>
		</utterance>
		<utterance>Good day
			<utterance>Good morning</utterance>
			<utterance>Good afternoon</utterance>
			<utterance>Good evening</utterance>
			<utterance>Good night</utterance>
		</utterance>
		<utterance>Silly
			<utterance>Waaaaaaaz up?!</utterance>
			<utterance>Hullo!</utterance>
			<utterance>Behold greatness, mortals!</utterance>
                        <utterance>Is dis Finoob?</utterance>
		</utterance>
		<utterance>Holidays
			<utterance>Happy New Year!</utterance>
			<utterance>Happy Valentine's Day!</utterance>
			<utterance>Happy birthday!</utterance>
			<utterance>Happy Easter!</utterance>
			<utterance>Happy 4th of July!</utterance>
			<utterance>Happy Thanksgiving!</utterance>
			<utterance>Happy Halloween!</utterance>
			<utterance>Happy Hanukkah!</utterance>
			<utterance>Merry Christmas!</utterance>
			<utterance>Happy Holidays!</utterance>
		</utterance>
	</utterance>
	<utterance>Goodbye
		<utterance>Good Night
			<utterance>Sweet dreams</utterance>
			<utterance>Go to sleep!</utterance>
			<utterance>Lights out!</utterance>
			<utterance>Bedtime</utterance>
		</utterance>
		<utterance>Later
			<utterance>See ya later</utterance>
			<utterance>Later gator!</utterance>
			<utterance>See you tomorrow</utterance>
                        <utterance>I've got to go pull a ;raymonf!</utterance>
		</utterance>
		<utterance>Bye
			<utterance>Hasta la bye bye!</utterance>
		</utterance>
		<utterance>I'll be right back</utterance>
		<utterance>I have to go</utterance>
		<utterance>Farewell
			<utterance>Take care</utterance>
			<utterance>Have a nice day</utterance>
			<utterance>Good luck!</utterance>
			<utterance>Ta-ta for now!</utterance>
		</utterance>
		<utterance>Peace
			<utterance>Peace out!</utterance>
			<utterance>Peace dudes!</utterance>
			<utterance>Rest in pieces!</utterance>
		</utterance>
		<utterance>Silly
			<utterance>To the batcave!</utterance>
			<utterance>Over and out!</utterance>
			<utterance>Happy trails!</utterance>
			<utterance>I've got to book it!</utterance>
			<utterance>Tootles!</utterance>
			<utterance>Smell you later!</utterance>
			<utterance>GG!</utterance>
			<utterance>My house is on fire! gtg.</utterance>
		</utterance>
	</utterance>
	<utterance>Friend
		<utterance>Wanna be friends?</utterance>
		<utterance>Follow me
			<utterance>Come to my place!</utterance>
			<utterance>Come to my base!</utterance>
			<utterance>Follow me, team!</utterance>
		</utterance>
		<utterance>Your place is cool
			<utterance>Your place is fun</utterance>
			<utterance>Your place is awesome</utterance>
			<utterance>Your place looks good</utterance>
		</utterance>
		<utterance>Thank you
			<utterance>Thanks for playing</utterance>
			<utterance>Thanks for visiting</utterance>
			<utterance>Thanks for everything</utterance>
			<utterance>No thank you</utterance>
		</utterance>
		<utterance>No problem
			<utterance>Don't worry</utterance>
			<utterance>That's ok</utterance>
		</utterance>
		<utterance>You are ...
			<utterance>You are great!</utterance>
			<utterance>You are good!</utterance>
			<utterance>You are cool!</utterance>
			<utterance>You are funny!</utterance>
			<utterance>You are silly!</utterance>
			<utterance>You are awesome!</utterance>
		</utterance>
		<utterance>I like ...
			<utterance>I like your name</utterance>
			<utterance>I like your shirt</utterance>
			<utterance>I like your place</utterance>
			<utterance>I like your style</utterance>
		</utterance>
		<utterance>Sorry
			<utterance>My bad!</utterance>
			<utterance>I'm sorry</utterance>
			<utterance>Whoops!</utterance>
			<utterance>Please forgive me</utterance>
			<utterance>I forgive you</utterance>
		</utterance>
	</utterance>
	<utterance>Questions
		<utterance>Who?
			<utterance>Who wants to be my friend?</utterance>
			<utterance>Who wants to be on my team?</utterance>
			<utterance>Who made this brilliant game?</utterance>
		</utterance>
		<utterance>What?
			<utterance>What is your favorite animal?</utterance>
			<utterance>What is your favorite game?</utterance>
			<utterance>What is your favorite movie?</utterance>
			<utterance>What is your favorite TV show?</utterance>
			<utterance>What is your favorite music?</utterance>
			<utterance>What are your hobbies?</utterance>
		</utterance>
		<utterance>When?
			<utterance>When are you online?</utterance>
			<utterance>When is the new version coming out?</utterance>
			<utterance>When can we play again?</utterance>
			<utterance>When will your place be done?</utterance>
		</utterance>
		<utterance>Where?
			<utterance>Where do you want to go?</utterance>
			<utterance>Where are you going?</utterance>
			<utterance>Where am I?!</utterance>
		</utterance>
		<utterance>How?
				<utterance>How are you today?</utterance>
				<utterance>How did you make this cool place?</utterance>
		</utterance>
		<utterance>Can I...
			<utterance>Can I have a tour?</utterance>
			<utterance>Can I be on your team?</utterance>
			<utterance>Can I be your friend?</utterance>
			<utterance>Can I try something?</utterance>
		</utterance>
	</utterance>
	<utterance>Answers
			<utterance>You need help?
				<utterance>Ask in the Discord server!</utterance>
				<utterance>Ask on the Shopium YouTube channel!</utterance>

			</utterance>
			<utterance>Some people ...
				<utterance>Me</utterance>
				<utterance>Not me</utterance>
				<utterance>You</utterance>
				<utterance>All of us</utterance>
				<utterance>Everyone but you</utterance>
				<utterance>David Bazooka</utterance>
				<utterance>Shedletsky</utterance>
                                <utterance>Erik</utterance>
                                <utterance>Shop</utterance>
			</utterance>
			<utterance>Time ...
				<utterance>In the morning</utterance>
				<utterance>In the afternoon</utterance>
				<utterance>At night</utterance>
				<utterance>Tomorrow</utterance>
				<utterance>This week</utterance>
				<utterance>This month</utterance>
				<utterance>Sometime</utterance>
				<utterance>Sometimes</utterance>
				<utterance>Whenever you want</utterance>
				<utterance>Never!!!1</utterance>
			</utterance>
			<utterance>Animals
				<utterance>Cats
					<utterance>Lion</utterance>
					<utterance>Tiger</utterance>
					<utterance>Leopard</utterance>
					<utterance>Cheetah</utterance>
				</utterance>
				<utterance>Dogs
					<utterance>Wolves</utterance>
					<utterance>Beagle</utterance>
					<utterance>Collie</utterance>
					<utterance>Dalmatian</utterance>
					<utterance>Poodle</utterance>
					<utterance>Spaniel</utterance>
					<utterance>Shepherd</utterance>
					<utterance>Terrier</utterance>
					<utterance>Retriever</utterance>
				</utterance>
				<utterance>Horses
					<utterance>Ponies</utterance>
					<utterance>Stallions</utterance>
				</utterance>
				<utterance>Reptiles
					<utterance>Dinosaurs</utterance>
					<utterance>Lizards</utterance>
					<utterance>Snakes</utterance>
					<utterance>Turtles</utterance>
				</utterance>
				<utterance>Hamster</utterance>
				<utterance>Monkey</utterance>
				<utterance>Bears</utterance>
				<utterance>Fish
					<utterance>Goldfish</utterance>
					<utterance>Sharks</utterance>
					<utterance>Sea Bass</utterance>
					<utterance>Halibut</utterance>
				</utterance>
				<utterance>Birds
					<utterance>Eagles</utterance>
					<utterance>Penguins</utterance>
					<utterance>Turkeys</utterance>
				</utterance>
				<utterance>Elephants</utterance>
				<utterance>Mythical Beasts
					<utterance>Dragons</utterance>
					<utterance>Unicorns</utterance>
					<utterance>Sea Serpents</utterance>
					<utterance>Sphinx</utterance>
					<utterance>Cyclops</utterance>
					<utterance>Minotaurs</utterance>
					<utterance>Goblins</utterance>
					<utterance>Honest Politicians</utterance>
					<utterance>Ghosts</utterance>
					<utterance>Scylla and Charybdis</utterance>
				</utterance>
			</utterance>
			<utterance>Games
				<utterance>Shopium
					<utterance>Trees</utterance>
				</utterance>
				<utterance>Action</utterance>
				<utterance>Puzzle</utterance>
				<utterance>Strategy</utterance>
				<utterance>Racing</utterance>
				<utterance>RPG</utterance>
				<utterance>Board games
					<utterance>Chess</utterance>
					<utterance>Checkers</utterance>
					<utterance>Settlers of Catan</utterance>
					<utterance>Tigris and Euphrates</utterance>
					<utterance>El Grande</utterance>
					<utterance>Stratego</utterance>
					<utterance>Carcassonne</utterance>
				</utterance>
			</utterance>
			<utterance>Sports
				<utterance>Hockey</utterance>
				<utterance>Soccer</utterance>
				<utterance>Football</utterance>
				<utterance>Baseball</utterance>
				<utterance>Basketball</utterance>
				<utterance>Volleyball</utterance>
				<utterance>Tennis</utterance>
				<utterance>Watersports
					<utterance>Surfing</utterance>
					<utterance>Swimming</utterance>
					<utterance>Water Polo</utterance>
				</utterance>
				<utterance>Winter sports
					<utterance>Skiing</utterance>
					<utterance>Snowboarding</utterance>
					<utterance>Sledding</utterance>
					<utterance>Skating</utterance>
				</utterance>
				<utterance>Adventure
					<utterance>Rock climbing</utterance>
					<utterance>Hiking</utterance>
					<utterance>Fishing</utterance>
				</utterance>
				<utterance>Wacky
					<utterance>Foosball</utterance>
					<utterance>Calvinball</utterance>
					<utterance>Croquet</utterance>
					<utterance>Cricket</utterance>
					<utterance>Dodgeball</utterance>
					<utterance>Squash</utterance>
				</utterance>
			</utterance>
			<utterance>Movies/TV
				<utterance>Science Fiction</utterance>
				<utterance>Animated
					<utterance>Anime</utterance>
				</utterance>
				<utterance>Comedy</utterance>
				<utterance>Romantic</utterance>
				<utterance>Action</utterance>
				<utterance>Fantasy</utterance>
			</utterance>
			<utterance>Music
				<utterance>Country</utterance>
				<utterance>Jazz</utterance>
				<utterance>Rap</utterance>
				<utterance>Hip-hop</utterance>
				<utterance>Techno</utterance>
				<utterance>Classical</utterance>
				<utterance>Pop</utterance>
				<utterance>Rock</utterance>
			</utterance>
			<utterance>Hobbies
				<utterance>Computers
					<utterance>Building computers</utterance>
					<utterance>Videogames</utterance>
					<utterance>Coding</utterance>
					<utterance>Hacking</utterance>
				</utterance>
				<utterance>The Internet
					<utterance>lol. teh internets!</utterance>
				</utterance>
				<utterance>Dance</utterance>
				<utterance>Gynastics</utterance>
				<utterance>Martial Arts
					<utterance>Karate</utterance>
					<utterance>Judo</utterance>
					<utterance>Tae Kwon Do</utterance>
					<utterance>Wushu</utterance>
					<utterance>Street fighting</utterance>
				</utterance>
				<utterance>Listening to music</utterance>
				<utterance>Music lessons
					<utterance>Playing in my band</utterance>
					<utterance>Playing piano</utterance>
					<utterance>Playing guitar</utterance>
					<utterance>Playing violin</utterance>
					<utterance>Playing drums</utterance>
					<utterance>Playing a weird instrument</utterance>
				</utterance>
				<utterance>Arts and crafts</utterance>
			</utterance>
			<utterance>Location
				<utterance>USA
					<utterance>West
						<utterance>Alaska</utterance>
						<utterance>Arizona</utterance>
						<utterance>California</utterance>
						<utterance>Colorado</utterance>
						<utterance>Hawaii</utterance>
						<utterance>Idaho</utterance>
						<utterance>Montana</utterance>
						<utterance>Nevada</utterance>
						<utterance>New Mexico</utterance>
						<utterance>Oregon</utterance>
						<utterance>Utah</utterance>
						<utterance>Washington</utterance>
						<utterance>Wyoming</utterance>
					</utterance>
					<utterance>Midwest
						<utterance>Illinois</utterance>
						<utterance>Indiana</utterance>
						<utterance>Iowa</utterance>
						<utterance>Kansas</utterance>
						<utterance>Michigan</utterance>
						<utterance>Minnesota</utterance>
						<utterance>Missouri</utterance>
						<utterance>Nebraska</utterance>
						<utterance>North Dakota</utterance>
						<utterance>Ohio</utterance>
						<utterance>South Dakota</utterance>
						<utterance>Wisconsin</utterance>
					</utterance>
					<utterance>Northeast
						<utterance>Connecticut</utterance>
						<utterance>Delaware</utterance>
						<utterance>Maine</utterance>
						<utterance>Maryland</utterance>
						<utterance>Massachusetts</utterance>
						<utterance>New Hampshire</utterance>
						<utterance>New Jersey</utterance>
						<utterance>New York</utterance>
						<utterance>Pennsylvania</utterance>
						<utterance>Rhode Island</utterance>
						<utterance>Vermont</utterance>
						<utterance>Virginia</utterance>
						<utterance>West Virginia</utterance>
					</utterance>
					<utterance>South
						<utterance>Alabama</utterance>
						<utterance>Arkansas</utterance>
						<utterance>Florida</utterance>
						<utterance>Georgia</utterance>
						<utterance>Kentucky</utterance>
						<utterance>Louisiana</utterance>
						<utterance>Mississippi</utterance>
						<utterance>North Carolina</utterance>
						<utterance>Oklahoma</utterance>
						<utterance>South Carolina</utterance>
						<utterance>Tennessee</utterance>
						<utterance>Texas</utterance>
					</utterance>
				</utterance>
				<utterance>Canada
					<utterance>Alberta</utterance>
					<utterance>British Columbia</utterance>
					<utterance>Manitoba</utterance>
					<utterance>New Brunswick</utterance>
					<utterance>Newfoundland</utterance>
					<utterance>Northwest Territories</utterance>
					<utterance>Nova Scotia</utterance>
					<utterance>Nunavut</utterance>
					<utterance>Ontario</utterance>
					<utterance>Prince Edward Island</utterance>
					<utterance>Quebec</utterance>
					<utterance>Saskatchewan</utterance>
					<utterance>Yukon</utterance>
				</utterance>
				<utterance>Mexico</utterance>
				<utterance>Central America</utterance>
				<utterance>Europe
					<utterance>Great Britain
						<utterance>England</utterance>
						<utterance>Scotland</utterance>
						<utterance>Wales</utterance>
						<utterance>Northern Ireland</utterance>
					</utterance>
					<utterance>France</utterance>
					<utterance>Germany</utterance>
					<utterance>Spain</utterance>
					<utterance>Italy</utterance>
					<utterance>Poland</utterance>
					<utterance>Switzerland</utterance>
					<utterance>Greece</utterance>
					<utterance>Romania</utterance>
				</utterance>
				<utterance>Asia
					<utterance>China</utterance>
					<utterance>India</utterance>
					<utterance>Japan</utterance>
					<utterance>Korea</utterance>
				</utterance>
				<utterance>South America
					<utterance>Argentina</utterance>
					<utterance>Brazil</utterance>
				</utterance>
				<utterance>Africa
					<utterance>Eygpt</utterance>
					<utterance>Swaziland</utterance>
				</utterance>
				<utterance>Australia</utterance>
				<utterance>Middle East</utterance>
				<utterance>Antarctica</utterance>
			</utterance>
			<utterance>Age
				<utterance>Rugrat</utterance>
				<utterance>Kid</utterance>
				<utterance>Teen</utterance>
				<utterance>Twenties</utterance>
				<utterance>Old</utterance>
				<utterance>Ancient</utterance>
				<utterance>Mesozoic</utterance>	
			</utterance>
			<utterance>Mood
				<utterance>Good</utterance>
				<utterance>Great!</utterance>
				<utterance>Not bad</utterance>
				<utterance>Sad</utterance>
				<utterance>Hyper</utterance>
				<utterance>Chill</utterance>
			</utterance>
			<utterance>Boy</utterance>
			<utterance>Girl</utterance>
                        <utterance>Nonbinary</utterance>
	</utterance>
	<utterance>Game
		<utterance>Let's build</utterance>
		<utterance>Let's battle</utterance>
		<utterance>Nice one!</utterance>
		<utterance>So far so good!</utterance>
		<utterance>Lucky shot!</utterance>
		<utterance>Oh man!</utterance>
	</utterance>
	<utterance>Silly
		<utterance>Muahahahaha!</utterance>
		<utterance>1337
			<utterance>i r teh pwnz0r!</utterance>
			<utterance>w00t!</utterance>
			<utterance>z0mg h4x!</utterance>
			<utterance>ub3rR0xXorzage!</utterance>
			<utterance>all your base are belong to me!</utterance>
		</utterance>
	</utterance>
	<utterance>Yes
		<utterance>Absolutely!</utterance>
		<utterance>Rock on!</utterance>
		<utterance>Totally!</utterance>
		<utterance>Juice!</utterance>
	</utterance>
	<utterance>No
		<utterance>Ummm. No.</utterance>
		<utterance>...</utterance>
	</utterance>
	<utterance>Ok
		<utterance>Well... ok</utterance>
		<utterance>Sure</utterance>
	</utterance>
	<utterance>:)
		<utterance>:(</utterance>
		<utterance>:D</utterance>
		<utterance>:O</utterance>
		<utterance>lol</utterance>
	</utterance>
</roblox>
